,threshold_value,average_precision,anomalies_detected,total_samples,anomaly_rate
0.8,0.20539560344226473,1.0,169,843,0.20047449584816132
0.85,0.20680725472680256,1.0,127,843,0.1506524317912218
0.9,0.20848289204466322,0.9999999999999999,85,843,0.10083036773428232
0.95,0.21208408933542855,1.0,43,843,0.051008303677342826
