threshold,threshold_value,average_precision,anomalies_detected,total_samples
0.75,0.20544553155421807,1.0,2478.0,9910.0
0.8,0.21313892888997968,1.0,1982.0,9910.0
0.85,0.2225085575399612,1.0,1487.0,9910.0
0.9,0.23389136777707806,1.0,991.0,9910.0
